{
	"dependencies": "thermalfoundation",
	"populate": {
		"copper": {
			"enabled": "true",
			"distribution": "uniform",
			"generator": {
				"block": {
						"name": "gregtech:ore_copper_0"
					},
				"material": "minecraft:stone",
				"cluster-size": 12
			},
			"cluster-count": 6,
			"min-height": 40,
			"max-height": 175,
			"retrogen": "true",
			"biome": "all",
			"dimension": {
				"restriction": "blacklist",
				"value": [
					-1,
					1
				]
			}
		},
		"tin": {
			"enabled": "true",
			"distribution": "uniform",
			"generator": {
				"block": {
						"name": "gregtech:ore_tin_0"
					},
				"material": "minecraft:stone",
				"cluster-size": 10
			},
			"cluster-count": 3,
			"min-height": 20,
			"max-height": 55,
			"retrogen": "true",
			"biome": "all",
			"dimension": {
				"restriction": "blacklist",
				"value": [
					-1,
					1
				]
			}
		},
		"silver": {
			"enabled": "true",
			"distribution": "uniform",
			"generator": {
				"block": [
					{
						"name": "gregtech:ore_silver_0",
						"weight": 50
					},
					{
						"name": "gregtech:ore_galena_0",
						"weight": 50
					}
				],
				"material": "minecraft:stone",
				"cluster-size": 5
			},
			"cluster-count": 1,
			"chunk-chance": 2,
			"min-height": 5,
			"max-height": 20,
			"retrogen": "true",
			"biome": "all",
			"dimension": {
				"restriction": "blacklist",
				"value": [
					-1,
					1
				]
			}
		},
		"lead": {
			"enabled": "true",
			"distribution": "uniform",
			"generator": {
				"block": [
					{
						"name": "gregtech:ore_lead_0",
						"weight": 50
					},
					{
						"name": "gregtech:ore_galena_0",
						"weight": 50
					}
				],
				"material": "minecraft:stone",
				"cluster-size": 10
			},
			"cluster-count": 3,
			"min-height": 10,
			"max-height": 35,
			"retrogen": "true",
			"biome": "all",
			"dimension": {
				"restriction": "blacklist",
				"value": [
					-1,
					1
				]
			}
		},
		"nickel": {
			"enabled": "true",
			"distribution": "uniform",
			"generator": {
				"block": {
						"name": "gregtech:ore_nickel_0"
					},
				"material": "minecraft:iron_ore",
				"cluster-size": 2
			},
			"cluster-count": 4,
			"chunk-chance": 2,
			"min-height": 5,
			"max-height": 20,
			"retrogen": "true",
			"biome": "all",
			"dimension": {
				"restriction": "blacklist",
				"value": [
					-1,
					1
				]
			}
		},
		"platinum": {
			"enabled": "false",
			"distribution": "uniform",
			"generator": {
				"block": [
					{
						"name": "gregtech:ore_cooperite_0",
						"weight": 40
					},
					{
						"name": "gregtech:ore_nickel_0",
						"weight": 60
					}
				],
				"material": "minecraft:stone",
				"cluster-size": 2
			},
			"cluster-count": 1,
			"min-height": 5,
			"max-height": 25,
			"retrogen": "true",
			"biome": "all",
			"dimension": {
				"restriction": "blacklist",
				"value": [
					-1,
					66,
					1
				]
			}
		},
		"aluminum": {
			"enabled": "true",
			"distribution": "uniform",
			"generator": {
				"block": [
					{
						"name": "gregtech:ore_bauxite_0",
						"weight": 50
					},
					{
						"name": "gregtech:ore_ruby_0",
						"weight": 5
					},
					{
						"name": "gregtech:ore_kaolinite_0",
						"weight": 30
					},
					{
						"name": "gregtech:ore_pyrope_0",
						"weight": 15
					},
				],
				"material": "minecraft:stone",
				"cluster-size": 8
			},
			"cluster-count": 6,
			"min-height": 40,
			"max-height": 75,
			"retrogen": "true",
			"biome": "all",
			"dimension": {
				"restriction": "blacklist",
				"value": [
					-1,
					1
				]
			}
		},
		"iridium": {
			"enabled": "false",
			"distribution": "uniform",
			"generator": {
				"block": [
					{
						"name": "thermalfoundation:ore",
						"properties": {
							"type": "iridium"
						},
						"weight": 40
					},
					{
						"name": "thermalfoundation:ore",
						"properties": {
							"type": "platinum"
						},
						"weight": 60
					}
				],
				"material": "minecraft:stone",
				"cluster-size": 4
			},
			"cluster-count": 1,
			"min-height": 5,
			"max-height": 25,
			"retrogen": "true",
			"biome": "all",
			"dimension": {
				"restriction": "blacklist",
				"value": [
					-1,
					1
				]
			}
		},
		"copper_ocean": {
			"enabled": "true",
			"distribution": "uniform",
			"generator": {
				"block": {
						"name": "gregtech:ore_copper_0"
					},
				"material": "minecraft:stone",
				"cluster-size": 8
			},
			"cluster-count": 4,
			"min-height": 20,
			"max-height": 55,
			"retrogen": "true",
			"biome": {
				"restriction": "whitelist",
				"value": [
					{
						"type": "dictionary",
						"entry": "OCEAN"
					}
				]
			},
			"dimension": {
				"restriction": "blacklist",
				"value": [
					-1,
					1
				]
			}
		},
		"copper_high": {
			"enabled": "false",
			"distribution": "uniform",
			"generator": {
				"block": {
						"name": "gregtech:ore_copper_0"
					},
				"material": "minecraft:stone",
				"cluster-size": 8
			},
			"cluster-count": 8,
			"min-height": 48,
			"max-height": 96,
			"retrogen": "true",
			"biome": "all",
			"dimension": {
				"restriction": "blacklist",
				"value": [
					-1,
					1
				]
			}
		}
	}
}
