{
	"populate": {
	
		"bog_iron_deposit_erebus": {
			"distribution": "uniform",
			"generator": {
					"type": "cluster",
				"block": [
					{
						"name": "gregtech:ore_brown_limonite_0",
						"metadata": 1,
						"weight": 50
					},
					{
						"name": "gregtech:ore_yellow_limonite_0",
						"metadata": 1,
						"weight": 30
					},
					{
						"name": "gregtech:ore_magnetite_0",
						"metadata": 1,
						"weight": 15
					},
					{
						"name": "gregtech:ore_amethyst_0",
						"metadata": 1,
						"weight": 5
					}
				],
				"material": "erebus:umberstone",
				"cluster-size": 16
			},
			"cluster-count": 4,
			"chunk-chance": 1,
			"min-height": 10,
			"max-height": 250,
			"retrogen": false,
			"biome": "all",
			"dimension": {
				"restriction": "whitelist",
				"value": [
					66
				]
			}
		},
		"malachite_deposit_erebus": {
			"distribution": "uniform",
			"generator": {
					"type": "cluster",
				"block": [
					{
						"name": "gregtech:ore_malachite_0",
						"metadata": 1,
						"weight": 30
					},
					{
						"name": "gregtech:ore_cuprite_0",
						"metadata": 1,
						"weight": 50
					},
					{
						"name": "gregtech:ore_calcite_0",
						"metadata": 1,
						"weight": 10
					},
					{
						"name": "gregtech:ore_tenorite_0",
						"metadata": 1,
						"weight": 10
					}
				],
				"material": "erebus:umberstone",
				"cluster-size": 16
			},
			"cluster-count": 4,
			"chunk-chance": 1,
			"min-height": 10,
			"max-height": 250,
			"retrogen": false,
			"biome": "all",
			"dimension": {
				"restriction": "whitelist",
				"value": [
					66
				]
			}
		},
		"quartz_deposit_erebus": {
			"distribution": "uniform",
			"generator": {
					"type": "sparse-cluster",
				"block": [
					{
						"name": "gregtech:ore_quartzite_0",
						"metadata": 1,
						"weight": 40
					},
					{
						"name": "gregtech:ore_certus_quartz_0",
						"metadata": 1,
						"weight": 20
					},
					{
						"name": "gregtech:ore_nether_quartz_0",
						"metadata": 1,
						"weight": 20
					},
					{
						"name": "gregtech:ore_amethyst_0",
						"metadata": 1,
						"weight": 5
					},
					{
						"name": "gregtech:ore_jasper_0",
						"metadata": 1,
						"weight": 5
					}
				],
				"material": "erebus:umberstone",
				"cluster-size": 24
			},
			"cluster-count": 4,
			"chunk-chance": 1,
			"min-height": 10,
			"max-height": 250,
			"retrogen": false,
			"biome": "all",
			"dimension": {
				"restriction": "whitelist",
				"value": [
					66
				]
			}
		},
		"oil_sand_erebus": {
			"enabled": "true",
			"distribution": "uniform",
			"generator": {
				"block": {
						"name": "gregtech:ore_oilsands_0",
						"metadata": 1,
					},
				"material": "erebus:umberstone",
				"cluster-size": 18
			},
			"cluster-count": 4,
			"chunk-chance": 2,
			"min-height": 10,
			"max-height": 180,
			"retrogen": "true",
			"biome": "all",
			"dimension": {
				"restriction": "whitelist",
				"value": [
					66
				]
			}
		},
		"coal_erebus": {
			"enabled": "true",
			"distribution": "uniform",
			"generator": {
				"block": [
					{
						"name": "gregtech:ore_coal_0",
						"weight": 50
						"metadata": 1,
					},
					{
						"name": "gregtech:ore_lignite_0",
						"weight": 30
						"metadata": 1,
					},
					{
						"name": "gregtech:ore_graphite_0",
						"weight": 10
						"metadata": 1,
					},
					{
						"name": "gregtech:ore_pyrite_0",
						"weight": 10
						"metadata": 1,
					},
				],
				"material": "erebus:umberstone",
				"cluster-size": 32
			},
			"cluster-count": 8,
			"chunk-chance": 2,
			"min-height": 50,
			"max-height": 250,
			"retrogen": "true",
			"biome": "all",
			"dimension": {
				"restriction": "whitelist",
				"value": [
					66
				]
			}
		},
		"gold_erebus": {
			"enabled": "true",
			"distribution": "uniform",
			"generator": {
				"block": [
					{
						"name": "gregtech:ore_gold_0",
						"weight": 50
						"metadata": 1,
					},
					{
						"name": "gregtech:ore_magnetite_0",
						"weight": 20
						"metadata": 1,
					},
					{
						"name": "gregtech:ore_vanadium_magnetite_0",
						"weight": 30
						"metadata": 1,
					},
				],
				"material": "erebus:umberstone",
				"cluster-size": 8
			},
			"cluster-count": 3,
			"chunk-chance": 2,
			"min-height": 5,
			"max-height": 40,
			"retrogen": "true",
			"biome": "all",
			"dimension": {
				"restriction": "whitelist",
				"value": [
					66
				]
			}
		},
		"rutile_erebus": {
			"enabled": "true",
			"distribution": "uniform",
			"generator": {
				"block": [
					{
						"name": "gregtech:ore_rutile_0",
						"weight": 40
						"metadata": 1,
					},
					{
						"name": "gregtech:ore_ilmenite_0",
						"weight": 20
						"metadata": 1,
					},
					{
						"name": "gregtech:ore_potassium_feldspar_0",
						"weight": 20
						"metadata": 1,
					},
					{
						"name": "gregtech:ore_bauxite_0",
						"weight": 20
						"metadata": 1,
					},
				],
				"material": "erebus:umberstone",
				"cluster-size": 12
			},
			"cluster-count": 2,
			"chunk-chance": 2,
			"min-height": 5,
			"max-height": 120,
			"retrogen": "true",
			"biome": {
				"restriction": "whitelist",
				"value": [
					"erebus:volcanic_desert"
				]
			},
			"dimension": {
				"restriction": "whitelist",
				"value": [
					66
				]
			}
		},
		"tetrahedrite_erebus": {
			"enabled": "true",
			"distribution": "uniform",
			"generator": {
				"block": [
					{
						"name": "gregtech:ore_tetrahedrite_0",
						"weight": 50
						"metadata": 1,
					},
					{
						"name": "gregtech:ore_certus_quartz_0",
						"weight": 30
						"metadata": 1,
					},
					{
						"name": "gregtech:ore_bornite_0",
						"weight": 10
						"metadata": 1,
					},
					{
						"name": "gregtech:ore_chalcopyrite_0",
						"weight": 10
						"metadata": 1,
					},
				],
				"material": "erebus:umberstone",
				"cluster-size": 32
			},
			"cluster-count": 2,
			"chunk-chance": 1,
			"min-height": 80,
			"max-height": 250,
			"retrogen": "true",
			"biome": "all",
			"dimension": {
				"restriction": "whitelist",
				"value": [
					66
				]
			}
		},
		"galena_erebus": {
			"enabled": "true",
			"distribution": "uniform",
			"generator": {
				"block": [
					{
						"name": "gregtech:ore_galena_0",
						"weight": 50
						"metadata": 1,
					},
					{
						"name": "gregtech:ore_lead_0",
						"weight": 30
						"metadata": 1,
					},
					{
						"name": "gregtech:ore_silver_0",
						"weight": 10
						"metadata": 1,
					},
					{
						"name": "gregtech:ore_pyrite_0",
						"weight": 10
						"metadata": 1,
					},
				],
				"material": "erebus:umberstone",
				"cluster-size": 8
			},
			"cluster-count": 2,
			"chunk-chance": 4,
			"min-height": 5,
			"max-height": 80,
			"retrogen": "true",
			"biome": "all",
			"dimension": {
				"restriction": "whitelist",
				"value": [
					66
				]
			}
		},
		"zinc_erebus": {
			"enabled": "true",
			"distribution": "uniform",
			"generator": {
				"block": [
					{
						"name": "gregtech:ore_sphalerite_0",
						"weight": 50
						"metadata": 1,
					},
					{
						"name": "gregtech:ore_pyrite_0",
						"weight": 30
						"metadata": 1,
					},
					{
						"name": "gregtech:ore_calcite_0",
						"weight": 10
						"metadata": 1,
					},
					{
						"name": "gregtech:ore_fluorite_0",
						"weight": 10
						"metadata": 1,
					},
				],
				"material": "erebus:umberstone",
				"cluster-size": 12
			},
			"cluster-count": 2,
			"chunk-chance": 1,
			"min-height": 20,
			"max-height": 50,
			"retrogen": "true",
			"biome": "all",
			"dimension": {
				"restriction": "whitelist",
				"value": [
					66
				]
			}
		},
		"tin_erebus": {
			"enabled": "true",
			"distribution": "uniform",
			"generator": {
				"block": [
					{
						"name": "gregtech:ore_cassiterite_0",
						"weight": 50
						"metadata": 1,
					},
					{
						"name": "gregtech:ore_apatite_0",
						"weight": 30
						"metadata": 1,
					},
					{
						"name": "gregtech:ore_pyrite_0",
						"weight": 10
						"metadata": 1,
					},
					{
						"name": "gregtech:ore_molybdenum_0",
						"weight": 10
						"metadata": 1,
					},
				],
				"material": "erebus:umberstone",
				"cluster-size": 12
			},
			"cluster-count": 2,
			"chunk-chance": 1,
			"min-height": 120,
			"max-height": 250,
			"retrogen": "true",
			"biome": "all",
			"dimension": {
				"restriction": "whitelist",
				"value": [
					66
				]
			}
		},
		"bauxite_erebus": {
			"enabled": "true",
			"distribution": "uniform",
			"generator": {
				"block": [
					{
						"name": "gregtech:ore_bauxite_0",
						"weight": 50
						"metadata": 1,
					},
					{
						"name": "gregtech:ore_ruby_0",
						"weight": 30
						"metadata": 1,
					},
					{
						"name": "gregtech:ore_kaolinite_0",
						"weight": 10
						"metadata": 1,
					},
					{
						"name": "gregtech:ore_pyrope_0",
						"weight": 10
						"metadata": 1,
					},
				],
				"material": "erebus:umberstone",
				"cluster-size": 16
			},
			"cluster-count": 2,
			"chunk-chance": 2,
			"min-height": 20,
			"max-height": 90,
			"retrogen": "true",
			"biome": "all",
			"dimension": {
				"restriction": "whitelist",
				"value": [
					66
				]
			}
		}
		
	}
}
