{
	"populate": {
	
		"banded_iron_deposit": {
			"distribution": "uniform",
			"generator": {
					"type": "cluster",
				"block": [
					{
						"name": "gregtech:ore_banded_iron_0",
						"weight": 50
					},
					{
						"name": "gregtech:ore_magnetite_0",
						"weight": 10
					},
					{
						"name": "gregtech:ore_hematite_0",
						"weight": 10
					},
					{
						"name": "gregtech:ore_quartzite_0",
						"weight": 5
					}
				],
				"material": "minecraft:stone",
				"cluster-size": 12
			},
			"cluster-count": 2,
			"chunk-chance": 1,
			"min-height": 10,
			"max-height": 180,
			"retrogen": false,
			"biome": {
				"restriction": "whitelist",
				"value": [
					{
						"type": "dictionary",
						"entry": "SANDY"
					}
				]
			},
			"dimension": {
				"restriction": "whitelist",
				"value": [
					0
				]
			}
		},
		"banded_iron_deposit_sandy": {
			"distribution": "uniform",
			"generator": {
					"type": "cluster",
				"block": [
					{
						"name": "gregtech:ore_banded_iron_0",
						"metadata": 8,
						"weight": 50
					},
					{
						"name": "gregtech:ore_magnetite_0",
						"metadata": 8,
						"weight": 10
					},
					{
						"name": "gregtech:ore_hematite_0",
						"metadata": 8,
						"weight": 10
					},
					{
						"name": "gregtech:ore_quartzite_0",
						"metadata": 8,
						"weight": 5
					}
				],
				"material": "minecraft:sandstone",
				"cluster-size": 12
			},
			"cluster-count": 2,
			"chunk-chance": 1,
			"min-height": 10,
			"max-height": 180,
			"retrogen": false,
			"biome": {
				"restriction": "whitelist",
				"value": [
					{
						"type": "dictionary",
						"entry": "SANDY"
					}
				]
			},
			"dimension": {
				"restriction": "whitelist",
				"value": [
					0
				]
			}
		},
		"bog_iron_deposit": {
			"distribution": "uniform",
			"generator": {
					"type": "cluster",
				"block": [
					{
						"name": "gregtech:ore_brown_limonite_0",
						"weight": 50
					},
					{
						"name": "gregtech:ore_yellow_limonite_0",
						"weight": 30
					},
					{
						"name": "gregtech:ore_magnetite_0",
						"weight": 15
					},
					{
						"name": "gregtech:ore_amethyst_0",
						"weight": 5
					}
				],
				"material": "minecraft:stone",
				"cluster-size": 12
			},
			"cluster-count": 3,
			"chunk-chance": 1,
			"min-height": 10,
			"max-height": 180,
			"retrogen": false,
			"biome": {
				"restriction": "whitelist",
				"value": [
					{
						"type": "dictionary",
						"entry": "SWAMP"
					}
				]
			},
			"dimension": {
				"restriction": "whitelist",
				"value": [
					0
				]
			}
		},
		
		"iron_deposit": {
			"distribution": "uniform",
			"generator": {
					"type": "cluster",
				"block": [
					{
						"name": "gregtech:ore_hematite_0",
						"weight": 40
					},
					{
						"name": "gregtech:ore_magnetite_0",
						"weight": 30
					},
					{
						"name": "gregtech:ore_pyrite_0",
						"weight": 30
					}
				],
				"material": "minecraft:stone",
				"cluster-size": 12
			},
			"cluster-count": 4,
			"chunk-chance": 1,
			"min-height": 20,
			"max-height": 80,
			"retrogen": false,
			"biome": "all"
			"dimension": {
				"restriction": "whitelist",
				"value": [
					0
				]
			}
		},
		
		"gold_deposit": {
			"distribution": "uniform",
			"generator": {
					"type": "cluster",
				"block": [
					{
						"name": "minecraft:gold_ore",
						"weight": 70
					},
					{
						"name": "gregtech:ore_magnetite_0",
						"weight": 15
					},
					{
						"name": "gregtech:ore_vanadium_magnetite_0",
						"weight": 15
					}
				],
				"material": "minecraft:stone",
				"cluster-size": 8
			},
			"cluster-count": 2,
			"chunk-chance": 1,
			"min-height": 10,
			"max-height": 60,
			"retrogen": false,
			"biome": "all"
			"dimension": {
				"restriction": "whitelist",
				"value": [
					0
				]
			}
		}
		
	}
}
